{
  "Path":[
    {
      "X": 0.10507992432834569,
      "Y": 0.26859434890083556,
      "Z": 0.021205138643211455
    },
    {
      "X": 0.5,
      "Y": 8.5,
      "Z": 6
    },
    {
      "X": 3.8,
      "Y": 8.5,
      "Z": 2
    }
  ]
}
